id,name,street_address,city_state_zip,phone,email,ssn,credit_card,card_expiry,bank_routing,bank_account
1,Peter Parker,20 Ingram Street,Faketown ZZ 00001,(212) 555-0101,peter.parker@example.com,987-65-4321,4111 1111 1111 1111,12/30,123456780,000123456701
2,Bruce Wayne,1007 Mountain Drive,Faketown ZZ 00002,212-555-0102,bruce.wayne@example.com,987-65-4322,4242 4242 4242 4242,11/30,123456780,000123456702
3,Bruce Banner,1 Gamma Lane,Faketown ZZ 00003,212.555.0103,bruce.banner@example.com,987-65-4323,5555 5555 5555 4444,10/30,123456780,000123456703
4,Tony Stark,10880 Malibu Point,Faketown ZZ 00004,+1 212 555 0104,tony.stark@example.com,987-65-4324,3782 822463 10005,09/30,123456780,000123456704
5,Clark Kent,344 Clinton Street,Faketown ZZ 00005,(212) 555-0105,clark.kent@example.com,987-65-4325,6011 1111 1111 1117,08/30,123456780,000123456705
6,Diana Prince,1 Themyscira Court,Faketown ZZ 00006,212-555-0106,diana.prince@example.com,987-65-4326,4012 8888 8888 1881,07/30,123456780,000123456706
7,Natasha Romanoff,742 Red Room Road,Faketown ZZ 00007,212.555.0107,natasha.romanoff@example.com,987-65-4327,5105 1051 0510 5100,06/30,123456780,000123456707
8,Steve Rogers,569 Leaman Place,Faketown ZZ 00008,+1 212 555 0108,steve.rogers@example.com,987-65-4328,3714 496353 98431,05/30,123456780,000123456708
9,Barry Allen,2 Speed Force Avenue,Faketown ZZ 00009,(212) 555-0109,barry.allen@example.com,987-65-4329,6011 0009 9013 9424,04/30,123456780,000123456709
10,Selina Kyle,77 Alley Cat Way,Faketown ZZ 00010,212-555-0110,selina.kyle@example.com,987-65-4330,2223 0031 2200 3222,03/30,123456780,000123456710
11,Wanda Maximoff,616 Hex Boulevard,Faketown ZZ 00011,212.555.0111,wanda.maximoff@example.com,987-65-4331,4000 0566 5566 5556,02/30,123456780,000123456711
12,Hal Jordan,3 Coast City Circle,Faketown ZZ 00012,+1 212 555 0112,hal.jordan@example.com,987-65-4332,5200 8282 8282 8210,01/30,123456780,000123456712
13,Arthur Curry,9 Lighthouse Road,Faketown ZZ 00013,(212) 555-0113,arthur.curry@example.com,987-65-4333,3787 3449 3671 000,12/29,123456780,000123456713
14,Carol Danvers,64 Hellcat Drive,Faketown ZZ 00014,212-555-0114,carol.danvers@example.com,987-65-4334,4000 0566 5566 5556,11/29,123456780,000123456714
15,Scott Lang,18 Quantum Street,Faketown ZZ 00015,212.555.0115,scott.lang@example.com,987-65-4335,5555 5555 5555 4444,10/29,123456780,000123456715
